measured_at,alarm_name
2026-09-01 08:15:12,非常停止
2026-09-01 09:03:25,センサー異常
2026-09-01 10:21:44,非常停止
2026-09-01 11:05:18,ワーク検出異常
2026-09-02 08:42:31,センサー異常
2026-09-02 09:17:05,非常停止
2026-09-02 10:33:48,通信異常
2026-09-02 13:12:22,非常停止
2026-09-03 08:05:11,ワーク検出異常
2026-09-03 09:44:37,センサー異常
2026-09-03 11:28:54,非常停止
2026-09-03 14:02:16,モーター過負荷
2026-09-04 08:31:27,センサー異常
2026-09-04 10:15:39,非常停止
2026-09-04 13:47:02,通信異常
2026-09-05 08:22:45,ワーク検出異常
2026-09-05 09:56:13,非常停止
2026-09-05 11:34:28,センサー異常
2026-09-05 15:08:51,モーター過負荷
2026-09-06 08:14:36,非常停止
2026-09-06 10:27:19,センサー異常
2026-09-06 13:03:42,通信異常
2026-09-07 09:11:05,非常停止
2026-09-07 11:42:33,ワーク検出異常
2026-09-08 08:38:57,センサー異常
2026-09-08 10:16:24,非常停止
2026-09-09 09:25:41,モーター過負荷
2026-09-09 13:51:08,非常停止
2026-09-10 08:07:32,センサー異常
2026-09-10 14:33:15,通信異常